Código Município Completo,Nº LOTE 2025,REGIÃO DE PLANEJAMENTO,regiao_upp,Nome_Município,mun_upp
2300101,LOTE 23,Cariri,CARIRI,Abaiara,ABAIARA
2300150,LOTE 28,Maciço de Baturité,MACIÇO DE BATURITÉ,Acarape,ACARAPE
2300200,LOTE 19,Litoral Norte,LITORAL NORTE,Acaraú,ACARAÚ
2300309,LOTE 26,Centro Sul,CENTRO SUL,Acopiara,ACOPIARA
2300408,LOTE 38,Sertão dos Inhamuns,SERTÃO DOS INHAMUNS,Aiuaba,AIUABA
2300507,LOTE 35,Sertão de Sobral,SERTÃO DE SOBRAL,Alcântaras,ALCÂNTARAS
2300606,LOTE 25,Cariri,CARIRI,Altaneira,ALTANEIRA
2300705,LOTE 40,Vale do Jaguaribe,VALE DO JAGUARIBE,Alto Santo,ALTO SANTO
2300754,LOTE 20,Litoral Oeste / Vale do Curu,LITORAL OESTE / VALE DO CURU,Amontada,AMONTADA
2300804,LOTE 25,Cariri,CARIRI,Antonina do Norte,ANTONINA DO NORTE
2300903,LOTE 21,Litoral Oeste / Vale do Curu,LITORAL OESTE / VALE DO CURU,Apuiarés,APUIARÉS
2301000,LOTE 15,Grande Fortaleza,GRANDE FORTALEZA,Aquiraz,AQUIRAZ
2301109,LOTE 17,Litoral Leste,LITORAL LESTE,Aracati,ARACATI
2301208,LOTE 28,Maciço de Baturité,MACIÇO DE BATURITÉ,Aracoiaba,ARACOIABA
2301257,LOTE 36,Sertão dos Crateús,SERTÃO DOS CRATEÚS,Ararendá,ARARENDÁ
2301307,LOTE 25,Cariri,CARIRI,Araripe,ARARIPE
2301406,LOTE 28,Maciço de Baturité,MACIÇO DE BATURITÉ,Aratuba,ARATUBA
2301505,LOTE 38,Sertão dos Inhamuns,SERTÃO DOS INHAMUNS,Arneiroz,ARNEIROZ
2301604,LOTE 25,Cariri,CARIRI,Assaré,ASSARÉ
2301703,LOTE 24,Cariri,CARIRI,Aurora,AURORA
2301802,LOTE 27,Centro Sul,CENTRO SUL,Baixio,BAIXIO
2301851,LOTE 30,Sertão Central,SERTÃO CENTRAL,Banabuiú,BANABUIÚ
2301901,LOTE 23,Cariri,CARIRI,Barbalha,BARBALHA
2301950,LOTE 28,Maciço de Baturité,MACIÇO DE BATURITÉ,Barreira,BARREIRA
2302008,LOTE 24,Cariri,CARIRI,Barro,BARRO
2302057,LOTE 18,Litoral Norte,LITORAL NORTE,Barroquinha,BARROQUINHA
2302107,LOTE 28,Maciço de Baturité,MACIÇO DE BATURITÉ,Baturité,BATURITÉ
2302206,LOTE 17,Litoral Leste,LITORAL LESTE,Beberibe,BEBERIBE
2302305,LOTE 19,Litoral Norte,LITORAL NORTE,Bela Cruz,BELA CRUZ
2302404,LOTE 32,Sertão de Canindé,SERTÃO DE CANINDÉ,Boa Viagem,BOA VIAGEM
2302503,LOTE 24,Cariri,CARIRI,Brejo Santo,BREJO SANTO
2302602,LOTE 18,Litoral Norte,LITORAL NORTE,Camocim,CAMOCIM
2302701,LOTE 25,Cariri,CARIRI,Campos Sales,CAMPOS SALES
2302800,LOTE 32,Sertão de Canindé,SERTÃO DE CANINDÉ,Canindé,CANINDÉ
2302909,LOTE 28,Maciço de Baturité,MACIÇO DE BATURITÉ,Capistrano,CAPISTRANO
2303006,LOTE 32,Sertão de Canindé,SERTÃO DE CANINDÉ,Caridade,CARIDADE
2303105,LOTE 34,Sertão de Sobral,SERTÃO DE SOBRAL,Cariré,CARIRÉ
2303204,LOTE 22,Cariri,CARIRI,Caririaçu,CARIRIAÇU
2303303,LOTE 27,Centro Sul,CENTRO SUL,Cariús,CARIÚS
2303402,LOTE 29,Serra da Ibiapaba,SERRA DA IBIAPABA,Carnaubal,CARNAUBAL
2303501,LOTE 15,Grande Fortaleza,GRANDE FORTALEZA,Cascavel,CASCAVEL
2303600,LOTE 26,Centro Sul,CENTRO SUL,Catarina,CATARINA
2303659,LOTE 37,Sertão dos Crateús,SERTÃO DOS CRATEÚS,Catunda,CATUNDA
2303709,LOTE 12,Grande Fortaleza,GRANDE FORTALEZA,Caucaia,CAUCAIA
2303808,LOTE 27,Centro Sul,CENTRO SUL,Cedro,CEDRO
2303907,LOTE 18,Litoral Norte,LITORAL NORTE,Chaval,CHAVAL
2303931,LOTE 30,Sertão Central,SERTÃO CENTRAL,Choró,CHORÓ
2303956,LOTE 15,Grande Fortaleza,GRANDE FORTALEZA,Chorozinho,CHOROZINHO
2304004,LOTE 34,Sertão de Sobral,SERTÃO DE SOBRAL,Coreaú,COREAÚ
2304103,LOTE 36,Sertão dos Crateús,SERTÃO DOS CRATEÚS,Crateús,CRATEÚS
2304202,LOTE 23,Cariri,CARIRI,Crato,CRATO
2304236,LOTE 29,Serra da Ibiapaba,SERRA DA IBIAPABA,Croatá,CROATÁ
2304251,LOTE 19,Litoral Norte,LITORAL NORTE,Cruz,CRUZ
2304269,LOTE 31,Sertão Central,SERTÃO CENTRAL,Deputado Irapuan Pinheiro,DEPUTADO IRAPUAN PINHEIRO
2304277,LOTE 40,Vale do Jaguaribe,VALE DO JAGUARIBE,Ereré,ERERÉ
2304285,LOTE 15,Grande Fortaleza,GRANDE FORTALEZA,Eusébio,EUSÉBIO
2304301,LOTE 22,Cariri,CARIRI,Farias Brito,FARIAS BRITO
2304350,LOTE 33,Sertão de Sobral,SERTÃO DE SOBRAL,Forquilha,FORQUILHA
2304400,,,,Fortaleza,FORTALEZA
2304459,LOTE 17,Litoral Leste,LITORAL LESTE,Fortim,FORTIM
2304509,LOTE 34,Sertão de Sobral,SERTÃO DE SOBRAL,Frecheirinha,FRECHEIRINHA
2304608,LOTE 21,Litoral Oeste / Vale do Curu,LITORAL OESTE / VALE DO CURU,General Sampaio,GENERAL SAMPAIO
2304657,LOTE 34,Sertão de Sobral,SERTÃO DE SOBRAL,Graça,GRAÇA
2304707,LOTE 18,Litoral Norte,LITORAL NORTE,Granja,GRANJA
2304806,LOTE 22,Cariri,CARIRI,Granjeiro,GRANJEIRO
2304905,LOTE 33,Sertão de Sobral,SERTÃO DE SOBRAL,Groaíras,GROAÍRAS
2304954,LOTE 14,Grande Fortaleza,GRANDE FORTALEZA,Guaiúba,GUAIÚBA
2305001,LOTE 29,Serra da Ibiapaba,SERRA DA IBIAPABA,Guaraciaba do Norte,GUARACIABA DO NORTE
2305100,LOTE 28,Maciço de Baturité,MACIÇO DE BATURITÉ,Guaramiranga,GUARAMIRANGA
2305209,LOTE 37,Sertão dos Crateús,SERTÃO DOS CRATEÚS,Hidrolândia,HIDROLÂNDIA
2305233,LOTE 15,Grande Fortaleza,GRANDE FORTALEZA,Horizonte,HORIZONTE
2305266,LOTE 30,Sertão Central,SERTÃO CENTRAL,Ibaretama,IBARETAMA
2305308,LOTE 29,Serra da Ibiapaba,SERRA DA IBIAPABA,Ibiapina,IBIAPINA
2305332,LOTE 30,Sertão Central,SERTÃO CENTRAL,Ibicuitinga,IBICUITINGA
2305357,LOTE 17,Litoral Leste,LITORAL LESTE,Icapuí,ICAPUÍ
2305407,LOTE 27,Centro Sul,CENTRO SUL,Icó,ICÓ
2305506,LOTE 26,Centro Sul,CENTRO SUL,Iguatu,IGUATU
2305605,LOTE 36,Sertão dos Crateús,SERTÃO DOS CRATEÚS,Independência,INDEPENDÊNCIA
2305654,LOTE 36,Sertão dos Crateús,SERTÃO DOS CRATEÚS,Ipaporanga,IPAPORANGA
2305704,LOTE 27,Centro Sul,CENTRO SUL,Ipaumirim,IPAUMIRIM
2305803,LOTE 29,Serra da Ibiapaba,SERRA DA IBIAPABA,Ipu,IPU
2305902,LOTE 37,Sertão dos Crateús,SERTÃO DOS CRATEÚS,Ipueiras,IPUEIRAS
2306009,LOTE 40,Vale do Jaguaribe,VALE DO JAGUARIBE,Iracema,IRACEMA
2306108,LOTE 21,Litoral Oeste / Vale do Curu,LITORAL OESTE / VALE DO CURU,Irauçuba,IRAUÇUBA
2306207,LOTE 17,Litoral Leste,LITORAL LESTE,Itaiçaba,ITAIÇABA
2306256,LOTE 14,Grande Fortaleza,GRANDE FORTALEZA,Itaitinga,ITAITINGA
2306306,LOTE 21,Litoral Oeste / Vale do Curu,LITORAL OESTE / VALE DO CURU,Itapajé,ITAPAJÉ
2306405,LOTE 20,Litoral Oeste / Vale do Curu,LITORAL OESTE / VALE DO CURU,Itapipoca,ITAPIPOCA
2306504,LOTE 28,Maciço de Baturité,MACIÇO DE BATURITÉ,Itapiúna,ITAPIÚNA
2306553,LOTE 19,Litoral Norte,LITORAL NORTE,Itarema,ITAREMA
2306603,LOTE 32,Sertão de Canindé,SERTÃO DE CANINDÉ,Itatira,ITATIRA
2306702,LOTE 40,Vale do Jaguaribe,VALE DO JAGUARIBE,Jaguaretama,JAGUARETAMA
2306801,LOTE 40,Vale do Jaguaribe,VALE DO JAGUARIBE,Jaguaribara,JAGUARIBARA
2306900,LOTE 40,Vale do Jaguaribe,VALE DO JAGUARIBE,Jaguaribe,JAGUARIBE
2307007,LOTE 17,Litoral Leste,LITORAL LESTE,Jaguaruana,JAGUARUANA
2307106,LOTE 23,Cariri,CARIRI,Jardim,JARDIM
2307205,LOTE 24,Cariri,CARIRI,Jati,JATI
2307254,LOTE 19,Litoral Norte,LITORAL NORTE,Jijoca de Jericoacoara,JIJOCA DE JERICOACOARA
2307304,LOTE 22,Cariri,CARIRI,Juazeiro do Norte,JUAZEIRO DO NORTE
2307403,LOTE 27,Centro Sul,CENTRO SUL,Jucás,JUCÁS
2307502,LOTE 24,Cariri,CARIRI,Lavras da Mangabeira,LAVRAS DA MANGABEIRA
2307601,LOTE 39,Vale do Jaguaribe,VALE DO JAGUARIBE,Limoeiro do Norte,LIMOEIRO DO NORTE
2307635,LOTE 32,Sertão de Canindé,SERTÃO DE CANINDÉ,Madalena,MADALENA
2307650,LOTE 13,Grande Fortaleza,GRANDE FORTALEZA,Maracanaú,MARACANAÚ
2307700,LOTE 14,Grande Fortaleza,GRANDE FORTALEZA,Maranguape,MARANGUAPE
2307809,LOTE 19,Litoral Norte,LITORAL NORTE,Marco,MARCO
2307908,LOTE 18,Litoral Norte,LITORAL NORTE,Martinópole,MARTINÓPOLE
2308005,LOTE 35,Sertão de Sobral,SERTÃO DE SOBRAL,Massapê,MASSAPÊ
2308104,LOTE 24,Cariri,CARIRI,Mauriti,MAURITI
2308203,LOTE 35,Sertão de Sobral,SERTÃO DE SOBRAL,Meruoca,MERUOCA
2308302,LOTE 24,Cariri,CARIRI,Milagres,MILAGRES
2308351,LOTE 31,Sertão Central,SERTÃO CENTRAL,Milhã,MILHÃ
2308377,LOTE 20,Litoral Oeste / Vale do Curu,LITORAL OESTE / VALE DO CURU,Miraíma,MIRAÍMA
2308401,LOTE 23,Cariri,CARIRI,Missão Velha,MISSÃO VELHA
2308500,LOTE 31,Sertão Central,SERTÃO CENTRAL,Mombaça,MOMBAÇA
2308609,LOTE 37,Sertão dos Crateús,SERTÃO DOS CRATEÚS,Monsenhor Tabosa,MONSENHOR TABOSA
2308708,LOTE 39,Vale do Jaguaribe,VALE DO JAGUARIBE,Morada Nova,MORADA NOVA
2308807,LOTE 34,Sertão de Sobral,SERTÃO DE SOBRAL,Moraújo,MORAÚJO
2308906,LOTE 19,Litoral Norte,LITORAL NORTE,Morrinhos,MORRINHOS
2309003,LOTE 34,Sertão de Sobral,SERTÃO DE SOBRAL,Mucambo,MUCAMBO
2309102,LOTE 28,Maciço de Baturité,MACIÇO DE BATURITÉ,Mulungu,MULUNGU
2309201,LOTE 25,Cariri,CARIRI,Nova Olinda,NOVA OLINDA
2309300,LOTE 37,Sertão dos Crateús,SERTÃO DOS CRATEÚS,Nova Russas,NOVA RUSSAS
2309409,LOTE 36,Sertão dos Crateús,SERTÃO DOS CRATEÚS,Novo Oriente,NOVO ORIENTE
2309458,LOTE 28,Maciço de Baturité,MACIÇO DE BATURITÉ,Ocara,OCARA
2309508,LOTE 27,Centro Sul,CENTRO SUL,Orós,ORÓS
2309607,LOTE 15,Grande Fortaleza,GRANDE FORTALEZA,Pacajus,PACAJUS
2309706,LOTE 14,Grande Fortaleza,GRANDE FORTALEZA,Pacatuba,PACATUBA
2309805,LOTE 28,Maciço de Baturité,MACIÇO DE BATURITÉ,Pacoti,PACOTI
2309904,LOTE 34,Sertão de Sobral,SERTÃO DE SOBRAL,Pacujá,PACUJÁ
2310001,LOTE 39,Vale do Jaguaribe,VALE DO JAGUARIBE,Palhano,PALHANO
2310100,LOTE 28,Maciço de Baturité,MACIÇO DE BATURITÉ,Palmácia,PALMÁCIA
2310209,LOTE 16,Grande Fortaleza,GRANDE FORTALEZA,Paracuru,PARACURU
2310258,LOTE 16,Grande Fortaleza,GRANDE FORTALEZA,Paraipaba,PARAIPABA
2310308,LOTE 38,Sertão dos Inhamuns,SERTÃO DOS INHAMUNS,Parambu,PARAMBU
2310407,LOTE 32,Sertão de Canindé,SERTÃO DE CANINDÉ,Paramoti,PARAMOTI
2310506,LOTE 31,Sertão Central,SERTÃO CENTRAL,Pedra Branca,PEDRA BRANCA
2310605,LOTE 24,Cariri,CARIRI,Penaforte,PENAFORTE
2310704,LOTE 21,Litoral Oeste / Vale do Curu,LITORAL OESTE / VALE DO CURU,Pentecoste,PENTECOSTE
2310803,LOTE 40,Vale do Jaguaribe,VALE DO JAGUARIBE,Pereiro,PEREIRO
2310852,LOTE 15,Grande Fortaleza,GRANDE FORTALEZA,Pindoretama,PINDORETAMA
2310902,LOTE 31,Sertão Central,SERTÃO CENTRAL,Piquet Carneiro,PIQUET CARNEIRO
2310951,LOTE 34,Sertão de Sobral,SERTÃO DE SOBRAL,Pires Ferreira,PIRES FERREIRA
2311009,LOTE 37,Sertão dos Crateús,SERTÃO DOS CRATEÚS,Poranga,PORANGA
2311108,LOTE 24,Cariri,CARIRI,Porteiras,PORTEIRAS
2311207,LOTE 25,Cariri,CARIRI,Potengi,POTENGI
2311231,LOTE 40,Vale do Jaguaribe,VALE DO JAGUARIBE,Potiretama,POTIRETAMA
2311264,LOTE 38,Sertão dos Inhamuns,SERTÃO DOS INHAMUNS,Quiterianópolis,QUITERIANÓPOLIS
2311306,LOTE 30,Sertão Central,SERTÃO CENTRAL,Quixadá,QUIXADÁ
2311355,LOTE 26,Centro Sul,CENTRO SUL,Quixelô,QUIXELÔ
2311405,LOTE 30,Sertão Central,SERTÃO CENTRAL,Quixeramobim,QUIXERAMOBIM
2311504,LOTE 39,Vale do Jaguaribe,VALE DO JAGUARIBE,Quixeré,QUIXERÉ
2311603,LOTE 28,Maciço de Baturité,MACIÇO DE BATURITÉ,Redenção,REDENÇÃO
2311702,LOTE 34,Sertão de Sobral,SERTÃO DE SOBRAL,Reriutaba,RERIUTABA
2311801,LOTE 39,Vale do Jaguaribe,VALE DO JAGUARIBE,Russas,RUSSAS
2311900,LOTE 27,Centro Sul,CENTRO SUL,Saboeiro,SABOEIRO
2311959,LOTE 25,Cariri,CARIRI,Salitre,SALITRE
2312205,LOTE 37,Sertão dos Crateús,SERTÃO DOS CRATEÚS,Santa Quitéria,SANTA QUITÉRIA
2312007,LOTE 35,Sertão de Sobral,SERTÃO DE SOBRAL,Santana do Acaraú,SANTANA DO ACARAÚ
2312106,LOTE 25,Cariri,CARIRI,Santana do Cariri,SANTANA DO CARIRI
2312304,LOTE 29,Serra da Ibiapaba,SERRA DA IBIAPABA,São Benedito,SÃO BENEDITO
2312403,LOTE 16,Grande Fortaleza,GRANDE FORTALEZA,São Gonçalo do Amarante,SÃO GONÇALO DO AMARANTE
2312502,LOTE 39,Vale do Jaguaribe,VALE DO JAGUARIBE,São João do Jaguaribe,SÃO JOÃO DO JAGUARIBE
2312601,LOTE 16,Grande Fortaleza,GRANDE FORTALEZA,São Luís do Curu,SÃO LUÍS DO CURU
2312700,LOTE 31,Sertão Central,SERTÃO CENTRAL,Senador Pompeu,SENADOR POMPEU
2312809,LOTE 35,Sertão de Sobral,SERTÃO DE SOBRAL,Senador Sá,SENADOR SÁ
2312908,LOTE 33,Sertão de Sobral,SERTÃO DE SOBRAL,Sobral,SOBRAL
2313005,LOTE 31,Sertão Central,SERTÃO CENTRAL,Solonópole,SOLONÓPOLE
2313104,LOTE 39,Vale do Jaguaribe,VALE DO JAGUARIBE,Tabuleiro do Norte,TABULEIRO DO NORTE
2313203,LOTE 37,Sertão dos Crateús,SERTÃO DOS CRATEÚS,Tamboril,TAMBORIL
2313252,LOTE 25,Cariri,CARIRI,Tarrafas,TARRAFAS
2313302,LOTE 38,Sertão dos Inhamuns,SERTÃO DOS INHAMUNS,Tauá,TAUÁ
2313351,LOTE 21,Litoral Oeste / Vale do Curu,LITORAL OESTE / VALE DO CURU,Tejuçuoca,TEJUÇUOCA
2313401,LOTE 29,Serra da Ibiapaba,SERRA DA IBIAPABA,Tianguá,TIANGUÁ
2313500,LOTE 16,Grande Fortaleza,GRANDE FORTALEZA,Trairi,TRAIRI
2313559,LOTE 20,Litoral Oeste / Vale do Curu,LITORAL OESTE / VALE DO CURU,Tururu,TURURU
2313609,LOTE 29,Serra da Ibiapaba,SERRA DA IBIAPABA,Ubajara,UBAJARA
2313708,LOTE 27,Centro Sul,CENTRO SUL,Umari,UMARI
2313757,LOTE 21,Litoral Oeste / Vale do Curu,LITORAL OESTE / VALE DO CURU,Umirim,UMIRIM
2313807,LOTE 21,Litoral Oeste / Vale do Curu,LITORAL OESTE / VALE DO CURU,Uruburetama,URUBURETAMA
2313906,LOTE 18,Litoral Norte,LITORAL NORTE,Uruoca,URUOCA
2313955,LOTE 34,Sertão de Sobral,SERTÃO DE SOBRAL,Varjota,VARJOTA
2314003,LOTE 22,Cariri,CARIRI,Várzea Alegre,VÁRZEA ALEGRE
2314102,LOTE 29,Serra da Ibiapaba,SERRA DA IBIAPABA,Viçosa do Ceará,VIÇOSA DO CEARÁ