Código Município Completo,REGIÃO DE PLANEJAMENTO,regiao_upp,lote,Nome_Município,mun_upp,qtd_cozinhas
2300101,Cariri,CARIRI,Lote 23,Abaiara,ABAIARA,2
2300150,Maciço de Baturité,MACIÇO DE BATURITÉ,Lote 28,Acarape,ACARAPE,2
2300200,Litoral Norte,LITORAL NORTE,Lote 19,Acaraú,ACARAÚ,7
2300309,Centro Sul,CENTRO SUL,Lote 26,Acopiara,ACOPIARA,3
2300408,Sertão dos Inhamuns,SERTÃO DOS INHAMUNS,Lote 38,Aiuaba,AIUABA,2
2300507,Sertão de Sobral,SERTÃO DE SOBRAL,Lote 35,Alcântaras,ALCÂNTARAS,2
2300606,Cariri,CARIRI,Lote 25,Altaneira,ALTANEIRA,2
2300705,Vale do Jaguaribe,VALE DO JAGUARIBE,Lote 40,Alto Santo,ALTO SANTO,4
2300754,Litoral Oeste / Vale do Curu,LITORAL OESTE / VALE DO CURU,Lote 20,Amontada,AMONTADA,3
2300804,Cariri,CARIRI,Lote 25,Antonina do Norte,ANTONINA DO NORTE,1
2300903,Litoral Oeste / Vale do Curu,LITORAL OESTE / VALE DO CURU,Lote 21,Apuiarés,APUIARÉS,3
2301000,Grande Fortaleza,GRANDE FORTALEZA,Lote 15,Aquiraz,AQUIRAZ,9
2301109,Litoral Leste,LITORAL LESTE,Lote 17,Aracati,ARACATI,18
2301208,Maciço de Baturité,MACIÇO DE BATURITÉ,Lote 28,Aracoiaba,ARACOIABA,4
2301257,Sertão dos Crateús,SERTÃO DOS CRATEÚS,Lote 36,Ararendá,ARARENDÁ,3
2301307,Cariri,CARIRI,Lote 25,Araripe,ARARIPE,1
2301406,Maciço de Baturité,MACIÇO DE BATURITÉ,Lote 28,Aratuba,ARATUBA,1
2301505,Sertão dos Inhamuns,SERTÃO DOS INHAMUNS,Lote 38,Arneiroz,ARNEIROZ,2
2301604,Cariri,CARIRI,Lote 25,Assaré,ASSARÉ,3
2301703,Cariri,CARIRI,Lote 24,Aurora,AURORA,1
2301802,Centro Sul,CENTRO SUL,Lote 27,Baixio,BAIXIO,1
2301851,Sertão Central,SERTÃO CENTRAL,Lote 30,Banabuiú,BANABUIÚ,2
2301901,Cariri,CARIRI,Lote 23,Barbalha,BARBALHA,9
2301950,Maciço de Baturité,MACIÇO DE BATURITÉ,Lote 28,Barreira,BARREIRA,7
2302008,Cariri,CARIRI,Lote 24,Barro,BARRO,5
2302057,Litoral Norte,LITORAL NORTE,Lote 18,Barroquinha,BARROQUINHA,2
2302107,Maciço de Baturité,MACIÇO DE BATURITÉ,Lote 28,Baturité,BATURITÉ,7
2302206,Litoral Leste,LITORAL LESTE,Lote 17,Beberibe,BEBERIBE,6
2302305,Litoral Norte,LITORAL NORTE,Lote 19,Bela Cruz,BELA CRUZ,1
2302404,Sertão de Canindé,SERTÃO DE CANINDÉ,Lote 32,Boa Viagem,BOA VIAGEM,3
2302503,Cariri,CARIRI,Lote 24,Brejo Santo,BREJO SANTO,6
2302602,Litoral Norte,LITORAL NORTE,Lote 18,Camocim,CAMOCIM,8
2302701,Cariri,CARIRI,Lote 25,Campos Sales,CAMPOS SALES,5
2302800,Sertão de Canindé,SERTÃO DE CANINDÉ,Lote 32,Canindé,CANINDÉ,11
2302909,Maciço de Baturité,MACIÇO DE BATURITÉ,Lote 28,Capistrano,CAPISTRANO,1
2303006,Sertão de Canindé,SERTÃO DE CANINDÉ,Lote 32,Caridade,CARIDADE,3
2303105,Sertão de Sobral,SERTÃO DE SOBRAL,Lote 34,Cariré,CARIRÉ,1
2303204,Cariri,CARIRI,Lote 22,Caririaçu,CARIRIAÇU,3
2303303,Centro Sul,CENTRO SUL,Lote 27,Cariús,CARIÚS,2
2303402,Serra da Ibiapaba,SERRA DA IBIAPABA,Lote 29,Carnaubal,CARNAUBAL,2
2303501,Grande Fortaleza,GRANDE FORTALEZA,Lote 15,Cascavel,CASCAVEL,10
2303600,Centro Sul,CENTRO SUL,Lote 26,Catarina,CATARINA,2
2303659,Sertão dos Crateús,SERTÃO DOS CRATEÚS,Lote 37,Catunda,CATUNDA,3
2303709,Grande Fortaleza,GRANDE FORTALEZA,Lote 12,Caucaia,CAUCAIA,55
2303808,Centro Sul,CENTRO SUL,Lote 27,Cedro,CEDRO,3
2303907,Litoral Norte,LITORAL NORTE,Lote 18,Chaval,CHAVAL,1
2303931,Sertão Central,SERTÃO CENTRAL,Lote 30,Choró,CHORÓ,5
2303956,Grande Fortaleza,GRANDE FORTALEZA,Lote 15,Chorozinho,CHOROZINHO,6
2304004,Sertão de Sobral,SERTÃO DE SOBRAL,Lote 34,Coreaú,COREAÚ,1
2304103,Sertão dos Crateús,SERTÃO DOS CRATEÚS,Lote 36,Crateús,CRATEÚS,10
2304202,Cariri,CARIRI,Lote 23,Crato,CRATO,21
2304236,Serra da Ibiapaba,SERRA DA IBIAPABA,Lote 29,Croatá,CROATÁ,3
2304251,Litoral Norte,LITORAL NORTE,Lote 19,Cruz,CRUZ,1
2304269,Sertão Central,SERTÃO CENTRAL,Lote 31,Deputado Irapuan Pinheiro,DEPUTADO IRAPUAN PINHEIRO,2
2304277,Vale do Jaguaribe,VALE DO JAGUARIBE,Lote 40,Ereré,ERERÉ,2
2304285,Grande Fortaleza,GRANDE FORTALEZA,Lote 15,Eusébio,EUSÉBIO,5
2304301,Cariri,CARIRI,Lote 22,Farias Brito,FARIAS BRITO,8
2304350,Sertão de Sobral,SERTÃO DE SOBRAL,Lote 33,Forquilha,FORQUILHA,7
2304400,Grande Fortaleza,GRANDE FORTALEZA,Lote 1,Fortaleza,FORTALEZA,27
2304400,Grande Fortaleza,GRANDE FORTALEZA,Lote 10,Fortaleza,FORTALEZA,32
2304400,Grande Fortaleza,GRANDE FORTALEZA,Lote 11,Fortaleza,FORTALEZA,37
2304400,Grande Fortaleza,GRANDE FORTALEZA,Lote 2,Fortaleza,FORTALEZA,39
2304400,Grande Fortaleza,GRANDE FORTALEZA,Lote 3,Fortaleza,FORTALEZA,32
2304400,Grande Fortaleza,GRANDE FORTALEZA,Lote 4,Fortaleza,FORTALEZA,27
2304400,Grande Fortaleza,GRANDE FORTALEZA,Lote 5,Fortaleza,FORTALEZA,36
2304400,Grande Fortaleza,GRANDE FORTALEZA,Lote 6,Fortaleza,FORTALEZA,34
2304400,Grande Fortaleza,GRANDE FORTALEZA,Lote 7,Fortaleza,FORTALEZA,36
2304400,Grande Fortaleza,GRANDE FORTALEZA,Lote 8,Fortaleza,FORTALEZA,38
2304400,Grande Fortaleza,GRANDE FORTALEZA,Lote 9,Fortaleza,FORTALEZA,35
2304459,Litoral Leste,LITORAL LESTE,Lote 17,Fortim,FORTIM,2
2304509,Sertão de Sobral,SERTÃO DE SOBRAL,Lote 34,Frecheirinha,FRECHEIRINHA,1
2304608,Litoral Oeste / Vale do Curu,LITORAL OESTE / VALE DO CURU,Lote 21,General Sampaio,GENERAL SAMPAIO,2
2304657,Sertão de Sobral,SERTÃO DE SOBRAL,Lote 34,Graça,GRAÇA,1
2304707,Litoral Norte,LITORAL NORTE,Lote 18,Granja,GRANJA,5
2304806,Cariri,CARIRI,Lote 22,Granjeiro,GRANJEIRO,3
2304905,Sertão de Sobral,SERTÃO DE SOBRAL,Lote 33,Groaíras,GROAÍRAS,5
2304954,Grande Fortaleza,GRANDE FORTALEZA,Lote 14,Guaiúba,GUAIÚBA,7
2305001,Serra da Ibiapaba,SERRA DA IBIAPABA,Lote 29,Guaraciaba do Norte,GUARACIABA DO NORTE,4
2305100,Maciço de Baturité,MACIÇO DE BATURITÉ,Lote 28,Guaramiranga,GUARAMIRANGA,1
2305209,Sertão dos Crateús,SERTÃO DOS CRATEÚS,Lote 37,Hidrolândia,HIDROLÂNDIA,3
2305233,Grande Fortaleza,GRANDE FORTALEZA,Lote 15,Horizonte,HORIZONTE,10
2305266,Sertão Central,SERTÃO CENTRAL,Lote 30,Ibaretama,IBARETAMA,3
2305308,Serra da Ibiapaba,SERRA DA IBIAPABA,Lote 29,Ibiapina,IBIAPINA,5
2305332,Sertão Central,SERTÃO CENTRAL,Lote 30,Ibicuitinga,IBICUITINGA,3
2305357,Litoral Leste,LITORAL LESTE,Lote 17,Icapuí,ICAPUÍ,2
2305407,Centro Sul,CENTRO SUL,Lote 27,Icó,ICÓ,3
2305506,Centro Sul,CENTRO SUL,Lote 26,Iguatu,IGUATU,12
2305605,Sertão dos Crateús,SERTÃO DOS CRATEÚS,Lote 36,Independência,INDEPENDÊNCIA,3
2305654,Sertão dos Crateús,SERTÃO DOS CRATEÚS,Lote 36,Ipaporanga,IPAPORANGA,2
2305704,Centro Sul,CENTRO SUL,Lote 27,Ipaumirim,IPAUMIRIM,3
2305803,Serra da Ibiapaba,SERRA DA IBIAPABA,Lote 29,Ipu,IPU,4
2305902,Sertão dos Crateús,SERTÃO DOS CRATEÚS,Lote 37,Ipueiras,IPUEIRAS,3
2306009,Vale do Jaguaribe,VALE DO JAGUARIBE,Lote 40,Iracema,IRACEMA,4
2306108,Litoral Oeste / Vale do Curu,LITORAL OESTE / VALE DO CURU,Lote 21,Irauçuba,IRAUÇUBA,5
2306207,Litoral Leste,LITORAL LESTE,Lote 17,Itaiçaba,ITAIÇABA,2
2306256,Grande Fortaleza,GRANDE FORTALEZA,Lote 14,Itaitinga,ITAITINGA,5
2306306,Litoral Oeste / Vale do Curu,LITORAL OESTE / VALE DO CURU,Lote 21,Itapajé,ITAPAJÉ,4
2306405,Litoral Oeste / Vale do Curu,LITORAL OESTE / VALE DO CURU,Lote 20,Itapipoca,ITAPIPOCA,26
2306504,Maciço de Baturité,MACIÇO DE BATURITÉ,Lote 28,Itapiúna,ITAPIÚNA,2
2306553,Litoral Norte,LITORAL NORTE,Lote 19,Itarema,ITAREMA,5
2306603,Sertão de Canindé,SERTÃO DE CANINDÉ,Lote 32,Itatira,ITATIRA,5
2306702,Vale do Jaguaribe,VALE DO JAGUARIBE,Lote 40,Jaguaretama,JAGUARETAMA,3
2306801,Vale do Jaguaribe,VALE DO JAGUARIBE,Lote 40,Jaguaribara,JAGUARIBARA,1
2306900,Vale do Jaguaribe,VALE DO JAGUARIBE,Lote 40,Jaguaribe,JAGUARIBE,3
2307007,Litoral Leste,LITORAL LESTE,Lote 17,Jaguaruana,JAGUARUANA,5
2307106,Cariri,CARIRI,Lote 23,Jardim,JARDIM,2
2307205,Cariri,CARIRI,Lote 24,Jati,JATI,3
2307254,Litoral Norte,LITORAL NORTE,Lote 19,Jijoca de Jericoacoara,JIJOCA DE JERICOACOARA,3
2307304,Cariri,CARIRI,Lote 22,Juazeiro do Norte,JUAZEIRO DO NORTE,24
2307403,Centro Sul,CENTRO SUL,Lote 27,Jucás,JUCÁS,4
2307502,Cariri,CARIRI,Lote 24,Lavras da Mangabeira,LAVRAS DA MANGABEIRA,5
2307601,Vale do Jaguaribe,VALE DO JAGUARIBE,Lote 39,Limoeiro do Norte,LIMOEIRO DO NORTE,4
2307635,Sertão de Canindé,SERTÃO DE CANINDÉ,Lote 32,Madalena,MADALENA,7
2307650,Grande Fortaleza,GRANDE FORTALEZA,Lote 13,Maracanaú,MARACANAÚ,28
2307650,Grande Fortaleza,GRANDE FORTALEZA,Lote 8,Maracanaú,MARACANAÚ,1
2307700,Grande Fortaleza,GRANDE FORTALEZA,Lote 14,Maranguape,MARANGUAPE,14
2307809,Litoral Norte,LITORAL NORTE,Lote 19,Marco,MARCO,1
2307908,Litoral Norte,LITORAL NORTE,Lote 18,Martinópole,MARTINÓPOLE,1
2308005,Sertão de Sobral,SERTÃO DE SOBRAL,Lote 35,Massapê,MASSAPÊ,7
2308104,Cariri,CARIRI,Lote 24,Mauriti,MAURITI,8
2308203,Sertão de Sobral,SERTÃO DE SOBRAL,Lote 35,Meruoca,MERUOCA,5
2308302,Cariri,CARIRI,Lote 24,Milagres,MILAGRES,3
2308351,Sertão Central,SERTÃO CENTRAL,Lote 31,Milhã,MILHÃ,3
2308377,Litoral Oeste / Vale do Curu,LITORAL OESTE / VALE DO CURU,Lote 20,Miraíma,MIRAÍMA,4
2308401,Cariri,CARIRI,Lote 23,Missão Velha,MISSÃO VELHA,3
2308500,Sertão Central,SERTÃO CENTRAL,Lote 31,Mombaça,MOMBAÇA,4
2308609,Sertão dos Crateús,SERTÃO DOS CRATEÚS,Lote 37,Monsenhor Tabosa,MONSENHOR TABOSA,5
2308708,Vale do Jaguaribe,VALE DO JAGUARIBE,Lote 39,Morada Nova,MORADA NOVA,8
2308807,Sertão de Sobral,SERTÃO DE SOBRAL,Lote 34,Moraújo,MORAÚJO,2
2308906,Litoral Norte,LITORAL NORTE,Lote 19,Morrinhos,MORRINHOS,3
2309003,Sertão de Sobral,SERTÃO DE SOBRAL,Lote 34,Mucambo,MUCAMBO,1
2309102,Maciço de Baturité,MACIÇO DE BATURITÉ,Lote 28,Mulungu,MULUNGU,1
2309201,Cariri,CARIRI,Lote 25,Nova Olinda,NOVA OLINDA,3
2309300,Sertão dos Crateús,SERTÃO DOS CRATEÚS,Lote 37,Nova Russas,NOVA RUSSAS,3
2309409,Sertão dos Crateús,SERTÃO DOS CRATEÚS,Lote 36,Novo Oriente,NOVO ORIENTE,4
2309458,Maciço de Baturité,MACIÇO DE BATURITÉ,Lote 28,Ocara,OCARA,3
2309508,Centro Sul,CENTRO SUL,Lote 27,Orós,ORÓS,2
2309607,Grande Fortaleza,GRANDE FORTALEZA,Lote 15,Pacajus,PACAJUS,8
2309706,Grande Fortaleza,GRANDE FORTALEZA,Lote 14,Pacatuba,PACATUBA,9
2309805,Maciço de Baturité,MACIÇO DE BATURITÉ,Lote 28,Pacoti,PACOTI,2
2309904,Sertão de Sobral,SERTÃO DE SOBRAL,Lote 34,Pacujá,PACUJÁ,3
2310001,Vale do Jaguaribe,VALE DO JAGUARIBE,Lote 39,Palhano,PALHANO,2
2310100,Maciço de Baturité,MACIÇO DE BATURITÉ,Lote 28,Palmácia,PALMÁCIA,2
2310209,Grande Fortaleza,GRANDE FORTALEZA,Lote 16,Paracuru,PARACURU,5
2310258,Grande Fortaleza,GRANDE FORTALEZA,Lote 16,Paraipaba,PARAIPABA,5
2310308,Sertão dos Inhamuns,SERTÃO DOS INHAMUNS,Lote 38,Parambu,PARAMBU,5
2310407,Sertão de Canindé,SERTÃO DE CANINDÉ,Lote 32,Paramoti,PARAMOTI,2
2310506,Sertão Central,SERTÃO CENTRAL,Lote 31,Pedra Branca,PEDRA BRANCA,4
2310605,Cariri,CARIRI,Lote 24,Penaforte,PENAFORTE,3
2310704,Litoral Oeste / Vale do Curu,LITORAL OESTE / VALE DO CURU,Lote 21,Pentecoste,PENTECOSTE,6
2310803,Vale do Jaguaribe,VALE DO JAGUARIBE,Lote 40,Pereiro,PEREIRO,2
2310852,Grande Fortaleza,GRANDE FORTALEZA,Lote 15,Pindoretama,PINDORETAMA,5
2310902,Sertão Central,SERTÃO CENTRAL,Lote 31,Piquet Carneiro,PIQUET CARNEIRO,2
2310951,Sertão de Sobral,SERTÃO DE SOBRAL,Lote 34,Pires Ferreira,PIRES FERREIRA,2
2311009,Sertão dos Crateús,SERTÃO DOS CRATEÚS,Lote 37,Poranga,PORANGA,2
2311108,Cariri,CARIRI,Lote 24,Porteiras,PORTEIRAS,3
2311207,Cariri,CARIRI,Lote 25,Potengi,POTENGI,2
2311231,Vale do Jaguaribe,VALE DO JAGUARIBE,Lote 40,Potiretama,POTIRETAMA,2
2311264,Sertão dos Inhamuns,SERTÃO DOS INHAMUNS,Lote 38,Quiterianópolis,QUITERIANÓPOLIS,4
2311306,Sertão Central,SERTÃO CENTRAL,Lote 30,Quixadá,QUIXADÁ,11
2311355,Centro Sul,CENTRO SUL,Lote 26,Quixelô,QUIXELÔ,4
2311405,Sertão Central,SERTÃO CENTRAL,Lote 30,Quixeramobim,QUIXERAMOBIM,12
2311504,Vale do Jaguaribe,VALE DO JAGUARIBE,Lote 39,Quixeré,QUIXERÉ,1
2311603,Maciço de Baturité,MACIÇO DE BATURITÉ,Lote 28,Redenção,REDENÇÃO,4
2311702,Sertão de Sobral,SERTÃO DE SOBRAL,Lote 34,Reriutaba,RERIUTABA,2
2311801,Vale do Jaguaribe,VALE DO JAGUARIBE,Lote 39,Russas,RUSSAS,4
2311900,Centro Sul,CENTRO SUL,Lote 27,Saboeiro,SABOEIRO,3
2311959,Cariri,CARIRI,Lote 25,Salitre,SALITRE,3
2312007,Sertão de Sobral,SERTÃO DE SOBRAL,Lote 35,Santana do Acaraú,SANTANA DO ACARAÚ,6
2312106,Cariri,CARIRI,Lote 25,Santana do Cariri,SANTANA DO CARIRI,4
2312205,Sertão dos Crateús,SERTÃO DOS CRATEÚS,Lote 37,Santa Quitéria,SANTA QUITÉRIA,8
2312304,Serra da Ibiapaba,SERRA DA IBIAPABA,Lote 29,São Benedito,SÃO BENEDITO,9
2312403,Grande Fortaleza,GRANDE FORTALEZA,Lote 16,São Gonçalo do Amarante,SÃO GONÇALO DO AMARANTE,7
2312502,Vale do Jaguaribe,VALE DO JAGUARIBE,Lote 39,São João do Jaguaribe,SÃO JOÃO DO JAGUARIBE,2
2312601,Grande Fortaleza,GRANDE FORTALEZA,Lote 16,São Luís do Curu,SÃO LUÍS DO CURU,3
2312700,Sertão Central,SERTÃO CENTRAL,Lote 31,Senador Pompeu,SENADOR POMPEU,9
2312809,Sertão de Sobral,SERTÃO DE SOBRAL,Lote 35,Senador Sá,SENADOR SÁ,2
2312908,Sertão de Sobral,SERTÃO DE SOBRAL,Lote 33,Sobral,SOBRAL,23
2313005,Sertão Central,SERTÃO CENTRAL,Lote 31,Solonópole,SOLONÓPOLE,5
2313104,Vale do Jaguaribe,VALE DO JAGUARIBE,Lote 39,Tabuleiro do Norte,TABULEIRO DO NORTE,2
2313203,Sertão dos Crateús,SERTÃO DOS CRATEÚS,Lote 37,Tamboril,TAMBORIL,7
2313252,Cariri,CARIRI,Lote 25,Tarrafas,TARRAFAS,2
2313302,Sertão dos Inhamuns,SERTÃO DOS INHAMUNS,Lote 38,Tauá,TAUÁ,6
2313351,Litoral Oeste / Vale do Curu,LITORAL OESTE / VALE DO CURU,Lote 21,Tejuçuoca,TEJUÇUOCA,3
2313401,Serra da Ibiapaba,SERRA DA IBIAPABA,Lote 29,Tianguá,TIANGUÁ,10
2313500,Grande Fortaleza,GRANDE FORTALEZA,Lote 16,Trairi,TRAIRI,5
2313559,Litoral Oeste / Vale do Curu,LITORAL OESTE / VALE DO CURU,Lote 20,Tururu,TURURU,3
2313609,Serra da Ibiapaba,SERRA DA IBIAPABA,Lote 29,Ubajara,UBAJARA,5
2313708,Centro Sul,CENTRO SUL,Lote 27,Umari,UMARI,1
2313757,Litoral Oeste / Vale do Curu,LITORAL OESTE / VALE DO CURU,Lote 21,Umirim,UMIRIM,2
2313807,Litoral Oeste / Vale do Curu,LITORAL OESTE / VALE DO CURU,Lote 21,Uruburetama,URUBURETAMA,6
2313906,Litoral Norte,LITORAL NORTE,Lote 18,Uruoca,URUOCA,2
2313955,Sertão de Sobral,SERTÃO DE SOBRAL,Lote 34,Varjota,VARJOTA,3
2314003,Cariri,CARIRI,Lote 22,Várzea Alegre,VÁRZEA ALEGRE,8
2314102,Serra da Ibiapaba,SERRA DA IBIAPABA,Lote 29,Viçosa do Ceará,VIÇOSA DO CEARÁ,7
